,template,entry_id,mechanism_id
0,[#6:1](-[#6:2]-[#6:3]-[#6:4])-[#6:5](=[#8:6])-[#8:7]>>[#6:1](-[#6:3]-[#6:2]-[#6:4])-[#6:5](=[#8:6])-[#8:7],"[1, 957]","[1, 1]"
1,[#6:1](=[#8:2])-[#7:3].[#8:4]>>([#6:1](=[#8:2])-[#8:4].[#7:3]),"[2, 2, 16, 210, 257, 258]","[2, 1, 1, 1, 1, 1]"
2,[#16:1]-[#16:2].[#6:3]1=[#6:4]-[#7:5]-[#6:6]=[#6:7]-[#6:8]-1>>[#16:1].[#16:2].[#6:3]1:[#6:8]:[#6:7]:[#6:6]:[#7&+:5]:[#6:4]:1,"[6, 627]","[1, 1]"
3,([#6:1](-[#6:2]-[#8:3])-[#6:4]-[#8:5].[#8:6]).[#6:7]1:[#6:8]:[#6:9]:[#6:10]:[#7&+:11]:[#6:12]:1>>([#6:1]-[#6:4]=[#8:5].[#8:6]).[#6:7]1=[#6:12]-[#7:11]-[#6:10]=[#6:9]-[#6:8]-1.[#8:3]=[#6:2],"[7, 7, 7]","[2, 1, 3]"
4,([*:1](~[*:2])~[*:3]~[*:4]~[*:5]~[#8:6]-[#6:7]-[#8:8].[#8:9].[#8:10].[#8:11].[#8:12].[#8:13]).[#7:14]:[#6:15]-[#6:16]-[#8:17]>>([#7&+:14](-[#6:7]-[#8:6]~[*:5]~[*:4]~[*:3]~[*:1]~[*:2]):[#6:15].[#8:13]).([#8:9].[#8:8].[#8:10].[#8:11].[#8:12]).[#8:17]=[#6:16],[8],[2]
5,([*:1]:[*:2].[#6:3]-[#8:4]-[#15:5]-[#8:6].[#8:7]-[#15:8]).[#16:9].[#8:10]>>[#15:5](-[#8:4])-[#8:10].([*:1]:[*:2].[#16&+:9]-[#6:3]).([#8:6].[#8:7]-[#15:8]),[9],[1]
6,[#6:1](=[#8:2])-[#6:3]-[#6:4](-[#8:5])-[#6:6]>>[#6:1](=[#8:2])-[#6:3]-[#6:4]=[#6:6].[#8:5],[10],[1]
7,[#6:1](=[#8:2])-[#8:3].[#7:4]>>[#6:1](=[#8:2])-[#7:4].[#8:3],"[12, 12]","[2, 1]"
8,[#6:1]-[#7:2].[#8:3]>>([#6:1]-[#8:3].[#7:2]),"[15, 258]","[1, 2]"
9,[#6:1](-[#7:2])-[#7:3].[#7:4]>>[#6:1](-[#7:2])-[#7:4].[#7:3],[18],[1]
10,[#6:1](-[#8:2])-[#6:3]-[#6:4](-[#8:5])~[*:6](~[#8:7])~[#8:8].[#6:9]1:[#6:10]:[#6:11]:[#6:12]:[#7&+:13]:[#6:14]:1>>[#6:3]-[#6:4](=[#8:5])~[*:6](~[#8:7])~[#8:8].[#6:9]1=[#6:14]-[#7:13]-[#6:12]=[#6:11]-[#6:10]-1.[#8:2]=[#6:1],[21],[1]
11,[#6:1](=[#8:2])-[#16:3].[#7:4]>>[#16:3].[#6:1](=[#8:2])-[#7:4],[22],[1]
12,[#6:1]-[#16&+:2].[#7:3]>>[#16:2].[#6:1]-[#7:3],"[23, 1005]","[1, 1]"
13,[#6:1](=[#8:2])-[#6:3]:[#6:4]:[#6:5]:[#6:6]-[#17:7].[#8:8]>>[#17:7].[#6:1](=[#8:2])-[#6:3]:[#6:4]:[#6:5]:[#6:6]-[#8:8],[24],[1]
14,[#7:1]-[#6:2](-[#7:3])=[#8:4].[#8:5]>>[#7:1].[#7:3].[#8:5]=[#6:2]=[#8:4],"[25, 87, 87, 87, 671]","[1, 2, 4, 3, 1]"
15,[#7:1]-[#6:2]=[#8:3].[#8:4]>>[#6:2](=[#8:3])-[#8:4].[#7:1],"[29, 172, 266, 301, 455, 455, 798, 998]","[1, 1, 1, 1, 3, 2, 1, 1]"
16,[#7:1](-[#6:2]-[#7:3])-[#6:4].[#8:5]=[#6:6]:[#6:7]:[#6:8]>>[#6:2]-[#6:7](:[#6:8]):[#6:6]=[#8:5].([#7:3].[#7:1]=[#6:4]),[31],[1]
17,[#6:1]:[#6:2].[#7:3](-[#6:4]-[#7:5])-[#6:6]>>[#6:4]-[#6:1]:[#6:2].([#7:5].[#7:3]=[#6:6]),[31],[2]
18,[#16:1].[#6:2](=[#8:3])-[#6:4]=[#8:5]>>[#6:2](-[#8:3])-[#6:4](=[#8:5])-[#16:1],"[32, 359, 359]","[1, 2, 3]"
19,([*:1]~[*:2]~[*:3](~[#8:4])~[*:5].[#6:6]-[#8:7].[#8:8].[#8:9])>>([*:1]~[*:2]~[*:3](~[#8:4])~[*:5].[#6:6]-[#8:9].[#8:8].[#8:7]),[33],[1]
20,[#15:1]-[#8:2]-[#15:3]-[#8:4].[#6:5]-[#8:6]>>[#15:1]-[#8:6].[#6:5]-[#8:2]-[#15:3]-[#8:4],[35],[1]
21,[#6:1]1:[#6:2]:[#7:3]:[#6:4]:[#7:5]:1-[#6:6](-[#8:7])-[#6:8]-[#8:9].[#8:10]>>([#6:1]1:[#6:2]-[#7:3]=[#6:8]-[#6:6]-[#7:5]-1.[#8:7]).[#8:10]=[#6:4]-[#8:9],[38],[1]
22,[#15:1]-[#8:2].[#6:3]-[#8:4]-[#15:5]>>[#15:1]-[#8:4]-[#15:5].[#6:3]-[#8:2],[40],[1]
23,[#8:1].[#8:2]-[#15:3](-[#8:4])-[#8:5]>>[#15:3](-[#8:1])(-[#8:4])-[#8:5].[#8:2],[43],[1]
24,[#8:1].[#8:2]-[#15:3](=[#8:4])-[#8:5]>>[#8:2].[#8:4]=[#15:3](-[#8:1])-[#8:5],[44],[1]
25,([*:1]~[*:2]~[*:3]~[*:4].[#8:5].[#8:6].[#8:7]-[#6:8])>>([*:1]~[*:2]~[*:3]~[*:4].[#8:7]).([#8:6].[#8:5]-[#6:8]),[45],[1]
26,[#6:1]-[#8:2]-[#15:3].[#8:4]>>[#15:3]-[#8:2].[#6:1]-[#8:4],"[47, 472]","[1, 2]"
27,[#6:1]-[#8:2].[#7&H1:3]>>[#7:3]-[#6:1].[#8:2],[48],[1]
28,[#7:1]-[#6:2]-[#6:3]-[#8:4]>>[#7:1]-[#6:2].[#8:4]=[#6:3],"[49, 409]","[1, 2]"
29,[#6:1](-[#8:2])-[#6:3]>>[#6:3].[#8:2]=[#6:1],[50],[1]
30,[#6:1](-[#8:2])-[#6:3]:[#6:4]>>[#6:4]:[#6:3].[#8:2]=[#6:1],[50],[3]
31,[#6:1](-[#8:2])-[#6:3]:[#6:4]:[#6:5]=[#8:6]>>[#8:2]=[#6:1].[#8:6]=[#6:5]:[#6:4]:[#6:3],[50],[2]
32,([*:1]~[*:2].[#8:3].[#8:4]-[#15:5](-[#8:6])-[#8:7]).([#6:8](-[#8:9])-[#6:10]-[#6:11]=[#8:12].[#8:13])>>([*:1]~[*:2].[#8:4].[#8:3]).([#6:10]=[#6:11]-[#8:12]-[#15:5](-[#8:6])-[#8:7].[#8:13]).[#8:9]=[#6:8],[51],[1]
33,([#8:1].[#8:2]=[#6:3]-[#6:4]~[*:5]).[#8:6]=[#6:7]~[*:8]~[#8:9]>>([*:8]1~[#8:9]-[#6:3](-[#8:2])-[#6:4](~[*:5])-[#6:7]~1-[#8:6].[#8:1]),"[52, 222]","[1, 1]"
34,[#8:1]=[#6:2]-[#6:3]-[#6:4]-[#8:5]>>[#6:4]=[#6:3]-[#6:2]=[#8:1].[#8:5],"[54, 55]","[1, 1]"
35,[#6:1]#[#7:2].[#8:3]>>[#6:1](-[#7:2])=[#8:3],"[57, 57]","[1, 2]"
36,([*:1]:[*:2]:[*:3]:[*:4].[#15:5]-[#8:6].[#8:7].[#8:8].[#8:9])>>([*:1]:[*:2]:[*:3]:[*:4].[#15:5]-[#8:9]).([#8:7].[#8:6].[#8:8]),[58],[1]
37,[#7:1]-[#6:2]-[#6:3](-[#8:4])-[#8:5].[#8:6]>>[#7:1].[#8:5]-[#6:2](-[#8:6])-[#6:3]-[#8:4],"[60, 60]","[1, 2]"
38,[#8:1]=[#6:2]-[#6:3]=[#6:4]-[#6:5]=[#6:6]-[#8:7]>>[#8:1]=[#6:2]-[#6:3]-[#6:4]=[#6:5]-[#6:6]=[#8:7],[61],[1]
39,[#6:1]=[#8:2].[#7:3]-[#6:4]>>[#6:1]-[#7:3].[#6:4]=[#8:2],[66],[1]
40,[#6:1]-[#7:2].[#6:3]1:[#6:4]:[#6:5]:[#6:6]:[#7&+:7]:[#6:8]:1.[#8:9]>>[#6:3]1=[#6:8]-[#7:7]-[#6:6]=[#6:5]-[#6:4]-1.[#6:1]=[#8:9].[#7:2],[67],[1]
41,[#16:1]-[#6:2]=[#8:3].[#8:4]>>[#16:1].[#6:2](=[#8:3])-[#8:4],"[69, 523]","[1, 1]"
42,[#6:1](-[#6:2]-[#8:3])-[#6:4]=[#8:5]>>[#6:1]-[#6:4]=[#8:5].[#8:3]=[#6:2],[70],[1]
43,([*:1]~[*:2]~[#6:3](-[#8:4])-[#6:5].[#8:6])>>[*:1]~[*:2]~[#6:3]=[#8:4].([#6:5].[#8:6]),[72],[1]
44,([*:1]~[*:2].[#15:3](-[#8:4])-[#8:5]-[#15:6](-[#8:7])-[#8:8].[#8:9]).([*:10]~[*:11]~[#7:12].[#7:13]).[#8:14]=[#6:15]=[#8:16]>>([*:1]~[*:2].[#15:3](-[#8:14])-[#8:4].[#8:9]).[*:10]~[*:11]~[#7:12]-[#6:15](=[#8:16])-[#7:13].[#15:6](-[#8:5])(-[#8:7])-[#8:8],[74],[1]
45,([*:1]:[*:2].[#15:3](-[#8:4])-[#8:5].[#8:6]).[#6:7](=[#8:8])-[#8:9].[#7:10]>>([*:1]:[*:2].[#15:3](-[#8:9])-[#8:4]).[#7:10]-[#6:7]=[#8:8].([#8:5].[#8:6]),[75],[1]
46,[#6:1]-[#6:2](=[#8:3])-[#16:4].[#6:5]=[#8:6].[#8:7]>>[#16:4].[#8:3]=[#6:2](-[#8:7])-[#6:1]-[#6:5]-[#8:6],[78],[1]
47,[#7&+:1]-[#6:2].[#7:3]:[#6:4]:[#7&H1:5]>>[#7:1].[#7:3]:[#6:4]:[#7:5]-[#6:2],"[79, 79]","[1, 2]"
48,[#6:1]-[#6:2]-[#7:3]>>[#6:1]=[#6:2].[#7:3],[80],[1]
49,[#8:1]=[#6:2](-[#6:3]-[#8:4])-[#6:5]-[#8:6]>>[#6:5]-[#6:2](=[#8:1])-[#6:3]=[#8:4].[#8:6],[85],[1]
50,([*:1]~[*:2]:[*:3].[#8:4].[#8:5].[#8:6]-[#15:7]).[#7:8]~[*:9]~[#7:10]>>([*:1]~[*:2]:[*:3].[#8:4].[#8:5].[#8:6]).[#7:8]~[*:9]~[#7:10]-[#15:7],[86],[1]
51,[#15:1]-[#8:2].[#6:3]-[#8:4]>>[#15:1]-[#8:4].[#6:3]-[#8:2],[88],[1]
52,[#6:1](-[#6:2]-[#16:3])-[#6:4]-[#8:5].[#8:6]>>[#16:3].[#6:1](-[#6:2]-[#8:6])-[#6:4]-[#8:5],[90],[1]
53,[#6:1]-[#8:2].[#6:3]1:[#6:4]:[#6:5]:[#6:6]:[#7&+:7]:[#6:8]:1.[#6:9]1:[#6:10]:[#6:11]:[#6:12]:[#7&+:13]:[#6:14]:1.[#8:15]>>[#6:9]1=[#6:14]-[#7:13]-[#6:12]=[#6:11]-[#6:10]-1.[#6:3]1=[#6:8]-[#7:7]-[#6:6]=[#6:5]-[#6:4]-1.[#8:15]=[#6:1]-[#8:2],"[92, 92]","[2, 1]"
54,[#6:1](=[#8:2])-[#16:3].[#6:4]1=[#6:5]-[#7:6]-[#6:7]=[#6:8]-[#6:9]-1.[#6:10]1=[#6:11]-[#7:12]-[#6:13]=[#6:14]-[#6:15]-1>>[#16:3].[#6:1]-[#8:2].[#6:10]1:[#6:15]:[#6:14]:[#6:13]:[#7&+:12]:[#6:11]:1.[#6:4]1:[#6:9]:[#6:8]:[#6:7]:[#7&+:6]:[#6:5]:1,"[93, 93, 93]","[3, 2, 1]"
55,[#6:1]-[#8:2]-[#6:3]=[#8:4].[#8:5]>>[#6:3](=[#8:4])-[#8:2].[#6:1]-[#8:5],"[94, 705, 733]","[1, 1, 1]"
56,[#8:1]-[#6:2](-[#8:3])-[#6:4]-[#8:5]>>([#6:4](=[#8:5])-[#6:2]-[#8:3].[#8:1]),[95],[1]
57,[#7:1]-[#6:2](=[#7:3])-[#7:4].[#8:5]>>[#7:1].[#7:3]-[#6:2](-[#7:4])=[#8:5],[96],[1]
58,[#7:1]-[#6:2]=[#8:3].[#8:4]>>[#7:1].[#8:3]=[#6:2]-[#8:4],"[98, 241, 288]","[1, 1, 1]"
59,[#6:1]1:[#6:2]:[#6:3]:[#6:4]:[#7&+:5]:[#6:6]:1.[#6:7]=[#8:8].[#8:9]>>[#6:7](=[#8:8])-[#8:9].[#6:1]1=[#6:6]-[#7:5]-[#6:4]=[#6:3]-[#6:2]-1,[100],[1]
60,([*:1]:[*:2]:[*:3].[#15:4](=[#8:5])-[#8:6].[#8:7].[#8:8]).[#8:9]>>([*:1]:[*:2]:[*:3].[#15:4](=[#8:5])-[#8:9]).([#8:8].[#8:7].[#8:6]),[101],[1]
61,[#16:1]-[#16:2].[#6:3](=[#8:4])-[#6:5]-[#8:6]>>([#16:2].[#16:1]-[#6:3]=[#8:4]).[#8:6]=[#6:5],"[106, 280]","[1, 1]"
62,[#6:1]1=[#6:2]-[#7:3]-[#6:4]=[#6:5]-[#6:6]-1.[#7:7]=[#6:8]>>[#6:1]1:[#6:6]:[#6:5]:[#6:4]:[#7&+:3]:[#6:2]:1.[#7:7]-[#6:8],"[112, 752]","[1, 1]"
63,([*:1](~[*:2])~[#6:3](:[#6:4]):[#6:5]:[#7&+:6].[#8:7]-[#15:8]).([*:9]~[*:10].[#7:11]-[#6:12]=[#6:13]-[#6:14].[#8:15])>>([*:1](~[*:2])~[#6:3](:[#6:4]):[#6:5]:[#7&+:6].[#8:7]).([*:9]~[*:10].[#7:11]-[#6:12]=[#6:13]-[#6:14].[#8:15]-[#15:8]),[116],[1]
64,[#6:1](=[#8:2])-[#6:3]-[#8:4].[#6:5]-[#16:6](=[#8:7])-[#8:8].[#8:9]=[#8:10]>>[#16:6](-[#8:7])-[#8:8].[#6:5]=[#8:10].[#8:4]=[#6:3].[#8:2]=[#6:1]-[#8:9],[129],[1]
65,[#6:1]1:[#6:2]:[#6:3]:[#6:4](:[#6:5]:[#6:6]):[#6:7]:[#6:8]:1.[#6:9]1=[#6:10]-[#7:11]-[#6:12]=[#6:13]-[#6:14]-1.[#8:15]=[#8:16]>>[#6:9]1:[#6:14]:[#6:13]:[#6:12]:[#7&+:11]:[#6:10]:1.[#8:16]-[#6:1]1-[#6:2]=[#6:3]-[#6:4](:[#6:5]:[#6:6]):[#6:7]-[#6:8]-1-[#8:15],[130],[2]
66,[#6:1]1=[#6:2]-[#7:3]-[#6:4]=[#6:5]-[#6:6]-1.[#6:7]:[#6:8](-[#8:9]):[#6:10].[#8:11]=[#8:12]>>[#6:1]1:[#6:6]:[#6:5]:[#6:4]:[#7&+:3]:[#6:2]:1.[#6:10]:[#6:8](-[#8:9]):[#6:7]-[#8:11].[#8:12],[131],[1]
67,[#6:1](=[#8:2])-[#6:3]-[#8:4].[#6:5]-[#6:6](-[#6:7])(-[#16:8])-[#6:9].[#8:10]=[#8:11]>>[#6:7]-[#6:6](=[#6:9])-[#6:5]-[#16:8].[#8:11].[#8:4]=[#6:3].[#8:2]=[#6:1]-[#8:10],[137],[1]
68,([*:1]~[*:2]:[*:3].[#7:4].[#7:5].[#7:6]).[#7:7]-[#6:8]-[#6:9]-[#8:10]>>([*:1]~[*:2]:[*:3].[#7:6].[#7:4]-[#6:9]-[#7:5]).[#7:7]-[#6:8].[#8:10],[147],[1]
69,[#8:1]=[#6:2].[#8:3]=[#6:4]-[#6:5]-[#6:6]-[#8:7]>>[#8:7]=[#6:6].[#8:3]=[#6:4]-[#6:5]-[#6:2]-[#8:1],"[148, 148]","[2, 1]"
70,[#6:1](-[#7:2])=[#8:3].[#7:4]>>[#7:2].[#7:4]-[#6:1]=[#8:3],"[149, 761]","[1, 1]"
71,([*:1]~[*:2]:[*:3].[#8:4].[#8:5].[#8:6]-[#15:7]-[#8:8]).[#8:9]>>([*:1]~[*:2]:[*:3].[#8:4].[#8:6].[#8:5]).[#8:9]-[#15:7]-[#8:8],[150],[1]
72,([*:1]:[*:2].[#15:3](-[#8:4])-[#8:5]-[#15:6](=[#8:7])-[#8:8].[#8:9]).[#6:10]-[#8:11]>>([*:1]:[*:2].[#15:3](-[#8:11])-[#8:4]).([#6:10]-[#8:5]-[#15:6](=[#8:7])-[#8:8].[#8:9]),[151],[1]
73,[#15:1](=[#8:2])-[#8:3]-[#15:4]=[#8:5].[#6:6]-[#8:7]>>[#15:4](=[#8:5])-[#8:7].[#6:6]-[#8:3]-[#15:1]=[#8:2],[152],[3]
74,[#15:1]-[#8:2]-[#16:3]-[#8:4].[#6:5]-[#8:6]>>[#15:1]-[#8:6].[#6:5]-[#8:2]-[#16:3]-[#8:4],[154],[1]
75,[#16:1]-[#6:2]=[#8:3].[#8:4]=[#6:5]-[#8:6]>>[#16:1]-[#6:5]=[#8:4].[#8:3]=[#6:2]-[#8:6],"[155, 155]","[2, 1]"
76,[#16:1].[#6:2]-[#16:3]>>[#16:1]-[#16:3].[#6:2],[156],[2]
77,[#6:1](=[#8:2])-[#16:3].[#8:4]>>[#16:3].[#6:1](=[#8:2])-[#8:4],"[157, 345, 629]","[1, 1, 1]"
78,[#6:1]-[#8:2]-[#16:3].[#8:4]>>[#16:3]-[#8:2].[#6:1]-[#8:4],[158],[1]
79,[#15:1]-[#8:2]-[#6:3].[#8:4]>>[#15:1]-[#8:2].[#8:4]-[#6:3],[159],[1]
80,[#6:1]=[#6:2]-[#6:3]=[#6:4]-[#6:5]=[#6:6]-[#6:7]-[#8:8].[#8:9]>>([#6:1](-[#8:9])-[#6:2]=[#6:3]-[#6:4]=[#6:5]-[#6:6]=[#6:7].[#8:8]),"[166, 166]","[1, 2]"
81,[#6:1](=[#8:2])-[#7:3].[#8:4]>>[#6:1](=[#8:2])-[#8:4].[#7:3],"[168, 171, 171, 173, 174, 175, 176, 177, 238, 396, 591, 595, 608, 609, 624, 626, 635, 641, 657, 676, 679, 688, 706, 718, 723, 724, 731, 746, 747, 789, 805, 806, 814, 815, 816, 818, 820, 821, 821, 821, 830, 964]","[1, 1, 2, 1, 1, 1, 1, 1, 1, 2, 1, 1, 1, 1, 1, 1, 1, 1, 1, 1, 1, 2, 1, 1, 1, 1, 1, 1, 1, 1, 2, 1, 1, 1, 1, 1, 1, 2, 3, 1, 1, 1]"
82,[#6:1]-[#7:2].[#8:3]>>[#6:1]-[#8:3].[#7:2],[170],[1]
83,([*:1]~[*:2].[#15:3]-[#8:4]-[#15:5](=[#8:6])(-[#8:7])-[#8:8].[#8:9]).[#8:10]>>([*:1]~[*:2].[#15:3]-[#8:10].[#8:9]).[#8:6]=[#15:5](-[#8:4])(-[#8:7])-[#8:8],[178],[2]
84,([*:1]~[*:2].[#15:3]-[#8:4]-[#15:5](=[#8:6])-[#8:7].[#8:8]).[#8:9]>>([*:1]~[*:2].[#15:3]-[#8:9].[#8:8]).[#8:6]=[#15:5](-[#8:4])-[#8:7],[179],[1]
85,[#6:1](=[#8:2])-[#6:3].[#8:4]>>[#6:3].[#8:2]=[#6:1]-[#8:4],[180],[1]
86,[#8:1].[#8:2]=[#6:3]-[#6:4]-[#15:5]=[#8:6]>>[#6:4]-[#6:3]=[#8:2].[#8:6]=[#15:5]-[#8:1],[181],[1]
87,[#6:1](-[#8:2])-[#6:3]-[#6:4]=[#8:5]>>[#6:1]=[#8:2].[#8:5]=[#6:4]-[#6:3],"[182, 182, 182, 182]","[1, 2, 3, 4]"
88,[#7:1]-[#6:2]-[#6:3]-[#8:4]>>[#6:3]-[#6:2]=[#8:4].[#7:1],"[186, 956, 956]","[1, 1, 2]"
89,[#8:1]=[#6:2](-[#8:3])-[#6:4]-[#6:5]:[#6:6]>>[#8:1]=[#6:2](-[#8:3])-[#6:4]-[#6:6]:[#6:5],[187],[1]
90,([*:1]:[*:2].[#6:3]-[#8:4].[#8:5])>>([*:1]:[*:2].[#6:3]-[#8:5].[#8:4]),"[188, 188]","[1, 2]"
91,[#6:1]-[#8:2]-[#8:3]-[#6:4]>>([#6:1]-[#8:2].[#6:4]=[#8:3]),"[192, 192]","[2, 1]"
92,([*:1]~[#15:2]-[#8:3].[#8:4])>>([*:1]~[#15:2]-[#8:4].[#8:3]),[194],[1]
93,[#7:1]-[#6:2](-[#6:3]=[#8:4])-[#6:5]>>[#7:1]-[#6:2]-[#6:3](=[#8:4])-[#6:5],[195],[1]
94,([*:1]~[*:2]~[#6:3]=[#6:4].[#8:5])>>[*:1]~[*:2]~[#6:3]-[#6:4]-[#8:5],[196],[1]
95,([*:1]:[*:2].[#15:3](-[#8:4])-[#8:5].[#8:6]).([*:7]~[*:8].[#6:9]-[#8:10].[#8:11]).[#6:12]-[#8:13]>>([*:1]:[*:2].[#15:3](-[#8:10])-[#8:4]).([*:7]~[*:8].[#6:9]-[#8:13]-[#6:12].[#8:11]).([#8:5].[#8:6]),[197],[1]
96,[#15:1](=[#8:2])(-[#8:3])-[#8:4].[#16:5].[#6:6]-[#8:7]>>[#15:1](=[#8:2])(-[#8:7])-[#8:3].[#6:6]-[#16:5].[#8:4],[198],[1]
97,([*:1]~[*:2].[#15:3](=[#8:4])-[#8:5]-[#15:6]-[#8:7].[#8:8]).[#6:9](=[#8:10])-[#8:11].[#7:12]>>([*:1]~[*:2].[#15:3](=[#8:4])-[#8:11].[#8:8]).[#15:6](-[#8:5])-[#8:7].[#6:9](=[#8:10])-[#7:12],[199],[1]
98,([*:1]~[*:2].[#15:3](-[#8:4])-[#8:5]-[#15:6]-[#8:7].[#8:8]).[#6:9]-[#6:10]=[#8:11].[#8:12]=[#6:13](-[#8:14])-[#8:15]>>([*:1]~[*:2].[#15:3](-[#8:14])-[#8:4].[#8:8]).[#15:6](-[#8:5])-[#8:7].[#6:9](-[#6:13](=[#8:12])-[#8:15])-[#6:10]=[#8:11],[201],[1]
99,[#6:1]-[#8:2]-[#6:3].[#8:4]>>[#6:1]-[#8:4].[#6:3]-[#8:2],"[203, 828, 835]","[1, 1, 1]"
100,[#6:1]-[#8:2]-[#6:3]-[#8:4].[#8:5]>>[#6:3](-[#8:2])-[#8:4].[#6:1]-[#8:5],"[203, 774, 819]","[2, 1, 1]"
101,([#8:1].[#8:2]=[#15:3](-[#8:4])-[#8:5])>>([#8:5].[#8:2]=[#15:3](-[#8:4])-[#8:1]),[206],[1]
102,[#6:1](=[#8:2])-[#6:3]-[#8:4]>>[#6:1]=[#8:2].[#8:4]=[#6:3],[215],[1]
103,[#8:1].[#8:2]=[#6:3]=[#8:4]>>[#8:4]=[#6:3](-[#8:2])-[#8:1],"[216, 516, 517]","[1, 1, 1]"
104,[#6:1](-[#8:2])-[#6:3]>>[#6:3].[#6:1]=[#8:2],[217],[1]
105,[#8:1]=[#6:2]-[#6:3]-[#8:4].[#8:5]=[#6:6]~[*:7]~[#8:8]>>[#8:4]=[#6:3].[#8:1]=[#6:2]-[#6:6](-[#8:5])~[*:7]~[#8:8],[219],[1]
106,[#6:1](-[#8:2])-[#6:3]=[#8:4]>>[#8:4]=[#6:3].[#8:2]=[#6:1],"[220, 220, 220]","[2, 3, 1]"
107,[#8:1]=[#6:2]-[#6:3]-[#8:4]>>[#8:1]=[#6:2].[#8:4]=[#6:3],[221],[1]
108,([*:1]~[*:2].[#15:3](-[#8:4])-[#8:5]-[#15:6](-[#8:7])-[#8:8].[#8:9]).[#6:10]-[#6:11]=[#8:12].[#8:13]=[#6:14](-[#8:15])-[#8:16]>>([*:1]~[*:2].[#15:3](-[#8:15])-[#8:4].[#8:9]).[#15:6](-[#8:5])(-[#8:7])-[#8:8].[#8:13]=[#6:14](-[#8:16])-[#6:10]-[#6:11]=[#8:12],"[223, 223]","[2, 1]"
109,[#6:1](=[#8:2])-[#16:3].[#7:4]>>[#16:3].[#7:4]-[#6:1]=[#8:2],"[224, 344, 524, 525]","[1, 1, 1, 2]"
110,[#6:1](-[#7:2])-[#6:3]-[#8:4]>>[#6:1]-[#7:2].[#8:4]=[#6:3],[225],[1]
111,[#6:1]1=[#6:2]-[#7:3]-[#6:4]=[#6:5]-[#6:6]-1.[#6:7]=[#8:8]>>[#6:7]-[#8:8].[#6:1]1:[#6:6]:[#6:5]:[#6:4]:[#7&+:3]:[#6:2]:1,"[227, 571, 721, 765]","[1, 1, 1, 1]"
112,[#6:1](-[#6:2]-[#8:3])-[#6:4]-[#8:5]>>[#6:1](-[#6:2])-[#6:4]=[#8:5].[#8:3],"[228, 228]","[2, 1]"
113,([*:1]:[*:2].[#15:3](-[#8:4])-[#8:5].[#8:6]).[#6:7](=[#8:8])-[#8:9].[#7:10]>>([*:1]:[*:2].[#15:3](-[#8:9])-[#8:4]).[#6:7](=[#8:8])-[#7:10].([#8:5].[#8:6]),[229],[1]
114,[#8:1]=[#6:2](-[#8:3])-[#6:4]-[#8:5]>>[#8:5]=[#6:4].[#8:1]=[#6:2]-[#8:3],[231],[1]
115,([*:1]~[*:2]~[#6:3]-[#8:4].[#8:5])>>([*:1]~[*:2]~[#6:3]-[#8:5].[#8:4]),[232],[1]
116,([*:1]:[*:2]:[*:3]:[*:4]:[*:5].[#15:6](=[#8:7])(-[#8:8])-[#8:9].[#8:10].[#8:11]).([*:12]~[*:13].[#6:14]-[#8:15].[#8:16]).[#6:17](=[#8:18])-[#8:19]>>([*:1]:[*:2]:[*:3]:[*:4]:[*:5].[#15:6](=[#8:7])(-[#8:15])-[#8:8]).([*:12]~[*:13].[#6:14]-[#8:19]-[#6:17]=[#8:18].[#8:16]).([#8:10].[#8:9].[#8:11]),[235],[1]
117,([#6:1](-[#8:2])-[#6:3]-[#6:4]=[#8:5].[#8:6])>>[#8:2]=[#6:1].([#8:6].[#8:5]=[#6:4]-[#6:3]),"[236, 236]","[1, 2]"
118,[#8:1].[#8:2]-[#15:3](=[#8:4])-[#8:5]-[#6:6]>>[#6:6]-[#8:1].[#8:2]-[#15:3](=[#8:4])-[#8:5],[242],[1]
119,[#7:1]-[#6:2]-[#6:3]>>[#7:1]-[#6:3]-[#6:2],"[245, 335, 388]","[1, 1, 1]"
120,[#15:1](-[#8:2])-[#8:3]-[#15:4](=[#8:5])(-[#8:6])-[#8:7].[#6:8]-[#8:9]>>[#15:1](-[#8:9])-[#8:2].[#6:8]-[#8:3]-[#15:4](=[#8:5])(-[#8:6])-[#8:7],[246],[1]
121,[#15:1](-[#8:2])-[#8:3]-[#15:4](=[#8:5])-[#8:6].[#6:7]-[#8:8]>>[#15:1](-[#8:8])-[#8:2].[#6:7]-[#8:3]-[#15:4](=[#8:5])-[#8:6],[246],[2]
122,[#6:1]-[#7:2].[#6:3]=[#8:4]>>[#6:3]-[#7:2].[#6:1]=[#8:4],[249],[1]
123,[#16:1].[#6:2]-[#7:3]>>[#6:2]-[#16:1].[#7:3],[268],[1]
124,[#8:1]=[#6:2](-[#8:3])-[#6:4]=[#6:5]-[#6:6]=[#6:7]~[*:8]~[#8:9]>>[*:8](~[#8:9])~[#6:7]-[#6:6]1-[#6:5]=[#6:4]-[#6:2](=[#8:1])-[#8:3]-1,[269],[2]
125,([#8:1].[#8:2]=[#6:3](~[*:4]~[*:5])-[#6:6]~[*:7](~[#8:8])~[#6:9]-[#8:10])>>([#8:10].[#8:2]=[#6:3](~[*:4]~[*:5])-[#6:6]~[*:7](~[#8:8])~[#6:9]-[#8:1]),[270],[1]
126,([#6:1]-[#8:2].[#8:3].[#8:4]=[#6:5]-[#6:6]~[*:7])>>([#6:1]-[#8:3].[#8:2].[#8:4]=[#6:5]-[#6:6]~[*:7]),[270],[2]
127,([#6:1]=[#6:2]-[#8:3]-[#15:4]-[#8:5].[#8:6])>>([#6:2](=[#8:5])-[#6:1]-[#15:4]-[#8:3].[#8:6]),[271],[2]
128,[#8:1]=[#6:2]-[#6:3].[#8:4]=[#6:5]~[*:6]~[#8:7]>>[#6:3](-[#6:2]=[#8:1])-[#6:5](-[#8:4])~[*:6]~[#8:7],[272],[1]
129,([#6:1]-[#8:2].[#8:3].[#8:4]~[*:5](~[*:6])~[*:7]~[#8:8])>>([#6:1]-[#8:3].[#8:2].[#8:4]~[*:5](~[*:6])~[*:7]~[#8:8]),[273],[1]
130,[#15:1]-[#8:2]-[#15:3]=[#8:4].[#6:5]-[#8:6]>>[#15:1]-[#8:6].[#6:5]-[#8:2]-[#15:3]=[#8:4],[282],[1]
131,[#6:1]=[#6:2]-[#6:3]=[#6:4]-[#6:5]-[#8:6].[#7:7]-[#6:8]=[#8:9]>>[#6:8](=[#8:9])-[#8:6].[#6:1]=[#6:2]-[#6:3]=[#6:4]-[#6:5]-[#7:7],[283],[1]
132,[#6:1]-[#8:2].[#8:3]>>[#6:1]-[#8:3].[#8:2],"[285, 397, 559, 560, 561, 658, 667, 690, 827, 829, 831]","[1, 2, 1, 1, 1, 1, 1, 1, 1, 2, 1]"
133,([*:1]:[*:2].[#15:3](=[#8:4])(-[#8:5])-[#8:6].[#8:7]).[#8:8]>>([*:1]:[*:2].[#15:3](=[#8:4])(-[#8:5])-[#8:8]).([#8:6].[#8:7]),[287],[1]
134,[#6:1](=[#8:2])-[#6:3]-[#8:4].[#6:5](=[#8:6])-[#6:7]-[#8:8]>>[#6:1](=[#8:2])-[#6:5](-[#8:6])-[#6:7]-[#8:8].[#8:4]=[#6:3],"[289, 722]","[1, 1]"
135,([*:1]:[*:2].[#15:3]-[#8:4].[#8:5]-[#15:6]=[#8:7]).([*:8]~[*:9]:[*:10].[#6:11]-[#8:12].[#8:13].[#8:14])>>([*:1]:[*:2].[#15:3]-[#8:12].[#8:13].[#8:14]).([*:8]~[*:9]:[*:10].[#6:11]-[#8:4].[#8:5]-[#15:6]=[#8:7]),[290],[1]
136,([*:1]~[*:2].[#16:3].[#6:4]-[#8:5]).([*:6]~[*:7].[#16:8]-[#6:9]=[#8:10].[#8:11]-[#15:12])>>([*:1]~[*:2].[*:6]~[*:7].[#16:8]-[#6:9]=[#8:10].[#6:4]-[#8:11]).([#16:3].[#8:5]-[#15:12]),[291],[1]
137,[#16:1]-[#6:2]=[#8:3].[#6:4]-[#6:5]-[#8:6]>>[#16:1].[#6:4]-[#6:2]=[#8:3].[#8:6]=[#6:5],[292],[1]
138,[#6:1]1:[#6:2](-[#8:3]):[#6:4]:[#6:5]:[#6:6](-[#8:7]):[#6:8]:1.[#6:9]=[#6:10]>>[#6:9]-[#6:10].[#6:1]1=[#6:8]-[#6:6](=[#8:7])-[#6:5]=[#6:4]-[#6:2]-1=[#8:3],[294],[1]
139,([*:1]:[*:2]:[*:3].[#15:4](-[#8:5])-[#8:6].[#8:7].[#8:8]-[#15:9]).[*:10]~[*:11](~[#8:12])~[#8:13]-[#6:14]>>([*:1]:[*:2]:[*:3].[#15:4](-[#8:5])-[#8:6].[#8:7].[#8:8]-[#6:14]).[*:10]~[*:11](~[#8:12])~[#8:13]-[#15:9],[296],[1]
140,[#8:1]=[#6:2].[#8:3]=[#6:4]-[#6:5]-[#8:6]>>[#8:6]=[#6:5].[#8:3]=[#6:4]-[#6:2]-[#8:1],[298],[1]
141,([*:1](~[*:2])~[#6:3]-[#8:4].[#8:5]).([*:6]:[*:7].[#15:8](-[#8:9])-[#8:10].[#8:11]-[#15:12]-[#8:13])>>([*:1](~[*:2])~[#6:3]-[#8:11].[*:6]:[*:7].[#8:10]-[#15:8]-[#8:9]).([#8:5].[#8:4]-[#15:12]-[#8:13]),[299],[1]
142,([*:1]~[#8:2]-[#15:3]-[#8:4].[#8:5]).[#8:6]>>[*:1]~[#8:2].([#15:3](-[#8:6])-[#8:4].[#8:5]),[300],[1]
143,([*:1]:[*:2]:[*:3].[#15:4](=[#8:5])-[#8:6].[#8:7].[#8:8]).([*:9]~[*:10].[#6:11]-[#8:12].[#7:13])>>([*:1]:[*:2]:[*:3].[#15:4](=[#8:5])-[#8:12]).([*:9]~[*:10].[#7:13]-[#6:11]).([#8:6].[#8:7].[#8:8]),[303],[1]
144,[#8:1]-[#6:2]1~[*:3]~[#8:4]-[#6:5](-[#8:6])-[#6:7](-[#8:8])~[*:9]~1~[#8:10]>>[#8:1]=[#6:2](~[*:3]~[#8:4])~[*:9](~[#8:10])~[#6:7](-[#8:8])-[#6:5]-[#8:6],"[308, 308]","[1, 2]"
145,([*:1]:[*:2]:[*:3].[#15:4](-[#8:5])-[#8:6].[#8:7].[#8:8]).([*:9]~[*:10].[#6:11]-[#8:12].[#8:13]).[#6:14](=[#8:15])-[#8:16]>>([*:1]:[*:2]:[*:3].[#15:4](-[#8:12])-[#8:5]).([*:9]~[*:10].[#6:11]-[#8:16]-[#6:14]=[#8:15].[#8:13]).([#8:6].[#8:7].[#8:8]),[309],[1]
146,[*:1]~[*:2](~[#8:3])~[#6:4](=[#8:5])-[#8:6].([*:7]~[*:8].[#15:9](=[#8:10])(-[#8:11])-[#8:12]-[#15:13]-[#8:14].[#8:15]).[#6:16]-[#8:17]>>([*:7]~[*:8].[#15:9](=[#8:10])(-[#8:17])-[#8:11].[#8:15]).[#15:13](-[#8:12])-[#8:14].[#6:16]-[#8:3]~[*:2](~[*:1])~[#6:4](=[#8:5])-[#8:6],[310],[1]
147,([#8:1].[#8:2]=[#6:3](-[#8:4])-[#6:5](-[#6:6]-[#8:7])~[*:8])>>([#6:6]=[#6:5](~[*:8])-[#6:3](=[#8:2])-[#8:4].[#8:1]).[#8:7],[311],[1]
148,[#6:1]-[#8:2].[#6:3]1:[#6:4]:[#6:5]:[#6:6]:[#7&+:7]:[#6:8]:1>>[#6:3]1=[#6:8]-[#7:7]-[#6:6]=[#6:5]-[#6:4]-1.[#8:2]=[#6:1],"[312, 593, 843]","[1, 1, 1]"
149,([*:1]:[*:2]:[*:3].[#15:4](=[#8:5])-[#8:6].[#8:7].[#8:8]).[#7:9].[#7:10]-[#6:11](=[#8:12])-[#7:13]>>([*:1]:[*:2]:[*:3].[#15:4](=[#8:5])-[#8:12]).[#7:10]=[#6:11](-[#7:13])-[#7:9].([#8:7].[#8:6].[#8:8]),[316],[1]
150,[#15:1]-[#8:2]-[#15:3]-[#8:4].[#6:5](=[#8:6])-[#8:7].[#7:8]>>[#15:3](-[#8:2])-[#8:4].[#15:1]-[#8:7].[#6:5](=[#8:6])-[#7:8],[317],[1]
151,([*:1]:[*:2].[#15:3](-[#8:4])-[#8:5].[#8:6]).[#6:7](=[#8:8])-[#8:9].[#6:10]-[#8:11]>>([*:1]:[*:2].[#15:3](-[#8:11])-[#8:4]).[#6:10]-[#8:9]-[#6:7]=[#8:8].([#8:5].[#8:6]),[318],[1]
152,[#6:1]1=[#6:2]-[#7:3]-[#6:4]=[#6:5]-[#6:6]-1.[#6:7]=[#6:8]>>[#6:7]-[#6:8].[#6:1]1:[#6:6]:[#6:5]:[#6:4]:[#7&+:3]:[#6:2]:1,[319],[1]
153,[#8:1]=[#6:2]-[#6:3]-[#8:4]>>[#8:4]=[#6:3]-[#6:2]-[#8:1],"[324, 324, 680]","[1, 2, 1]"
154,[#6:1]=[#6:2](-[#6:3](=[#8:4])-[#8:5])-[#6:6]=[#6:7]-[#6:8]-[#8:9]>>[#6:1]=[#6:2]-[#6:6]=[#6:7](-[#6:3](=[#8:4])-[#8:5])-[#6:8]-[#8:9],[325],[1]
155,[#6:1]=[#6:2]-[#8:3]-[#15:4]-[#8:5].[#8:6]>>[#6:1]-[#6:2]=[#8:5].[#8:6]-[#15:4]-[#8:3],[326],[1]
156,[#15:1](-[#8:2])-[#8:3]-[#15:4]-[#8:5].[#6:6]-[#8:7]>>[#15:1](-[#8:7])-[#8:2].[#6:6]-[#8:3]-[#15:4]-[#8:5],"[327, 365]","[1, 2]"
157,[#7:1]-[#6:2](-[#8:3])-[#6:4]-[#8:5]>>([#7:1]-[#6:2]-[#6:4]=[#8:5].[#8:3]),[328],[1]
158,([*:1]:[*:2]:[*:3].[#6:4](=[#8:5])-[#6:6].[#6:7]-[#8:8].[#8:9])>>([*:1]:[*:2]:[*:3].[#6:4](=[#8:5])-[#6:6].[#6:7]-[#8:9].[#8:8]),[329],[2]
159,[*:1]~[*:2](~[#6:3])~[#6:4]=[#8:5]>>[*:1]~[*:2](~[#6:4])~[#6:3]=[#8:5],[330],[1]
160,[#6:1]-[#16&+:2].[#7&H1:3]>>[#16:2].[#7:3]-[#6:1],[332],[1]
161,[#6:1](=[#8:2])-[#6:3]-[#8:4].[#8:5]=[#6:6]>>[#6:1](=[#8:2])-[#6:6]-[#8:5].[#8:4]=[#6:3],[333],[1]
162,[#6:1]-[#6:2]-[#6:3]-[#6:4]>>[#6:1]-[#6:3]-[#6:2]-[#6:4],[334],[1]
163,[#6:1](=[#8:2])-[#8:3].[#8:4]>>[#6:1](=[#8:2])-[#8:4].[#8:3],"[337, 740, 866, 922]","[1, 1, 1, 1]"
164,[#8:1].[#8:2]-[#6:3]>>[#8:2].[#8:1]-[#6:3],"[339, 622]","[1, 1]"
165,[#6:1]-[#8:2].[#8:3]>>[#8:2].[#8:3]-[#6:1],[340],[1]
166,[#6:1]=[#6:2]-[#6:3]-[#6:4]=[#8:5]>>[#6:1]-[#6:2]=[#6:3]-[#6:4]=[#8:5],"[341, 349, 499]","[1, 2, 1]"
167,[#6:1](-[#8:2])-[#6:3]>>[#6:1]=[#6:3].[#8:2],[343],[1]
168,[#6:1](-[#6:2]=[#6:3]-[#6:4]=[#8:5]):[#6:6]:[#6:7]:[#6:8]-[#8:9].[#8:10]>>[#6:1](-[#6:2]=[#8:10]):[#6:6]:[#6:7]:[#6:8]-[#8:9].[#6:3]-[#6:4]=[#8:5],[347],[1]
169,[#6:1]-[#16&+:2].[#7:3]>>[#16:2].[#7:3]-[#6:1],"[350, 691, 703]","[1, 1, 1]"
170,([*:1]~[#6:2]-[#8:3].[#8:4])>>([*:1]~[#6:2]-[#8:4].[#8:3]),[351],[1]
171,([#15:1](~[*:2])-[#8:3].[#6:4]-[#8:5])>>([#15:1](~[*:2])-[#8:5]-[#6:4].[#8:3]),[352],[1]
172,[#6:1]1=[#6:2]-[#7:3]-[#6:4]=[#6:5]-[#6:6]-1.[#6:7]=[#6:8]-[#6:9]=[#8:10]>>[#6:8](-[#6:7])-[#6:9]=[#8:10].[#6:1]1:[#6:6]:[#6:5]:[#6:4]:[#7&+:3]:[#6:2]:1,[353],[1]
173,[#6:1]=[#6:2]-[#6:3]-[#6:4]-[#8:5].[#8:6]=[#8:7]>>[#6:1]=[#6:2]-[#6:3]-[#6:4]=[#8:5].[#8:6]-[#8:7],[354],[1]
174,[#8:1].[#8:2]-[#6:3]-[#8:4]>>[#8:2].[#8:1]-[#6:3]-[#8:4],[356],[1]
175,([*:1]~[*:2].[#8:3].[#8:4]).[#8:5]-[#6:6]>>([*:1]~[*:2].[#8:3].[#8:4]-[#6:6]).[#8:5],[356],[2]
176,[#6:1]:[#6:2]-[#6:3]-[#7&+:4].[#7:5]>>[#6:1]:[#6:2]-[#6:3]-[#7&+:5].[#7:4],[357],[2]
177,[#7:1].[#7:2]-[#6:3]=[#8:4]>>[#7:2].[#8:4]=[#6:3]-[#7:1],[363],[2]
178,([*:1]~[*:2]:[*:3].[#6:4]-[#8:5].[#8:6].[#8:7]).[#7:8]>>([*:1]~[*:2]:[*:3].[#6:4]-[#7&+:8]).([#8:6].[#8:5].[#8:7]),[364],[3]
179,[#7:1].[#8:2]=[#6:3]-[#6:4](-[#8:5])-[#6:6]-[#8:7]~[*:8]~[#8:9]>>[*:8](~[#8:7])~[#8:9].[#7:1]-[#6:6]-[#6:4]-[#6:3](=[#8:2])-[#8:5],[367],[2]
180,([*:1]~[*:2].[#8:3].[#8:4]-[#6:5]-[#8:6])>>([*:1]~[*:2].[#8:6].[#8:4]-[#6:5]-[#8:3]),"[368, 368, 368]","[4, 2, 5]"
181,([*:1]~[*:2].[#6:3]-[#8:4].[#8:5])>>([*:1]~[*:2].[#6:3]-[#8:5].[#8:4]),"[368, 557, 582]","[3, 2, 1]"
182,[#6:1]=[#6:2]-[#8:3].[#8:4]>>[#6:1]=[#6:2]-[#8:4].[#8:3],"[369, 369]","[2, 3]"
183,[#6:1](-[#8:2])-[#6:3]:[#6:4]:[#7&H1:5].[#7:6]-[#6:7]-[#6:8]-[#8:9]>>[#7:6]-[#6:7]-[#6:8]-[#6:3]:[#6:4]:[#7&H1:5].[#8:9].[#8:2]=[#6:1],[383],[2]
184,([*:1]~[*:2].[#7:3].[#7:4]).[#15:5](-[#8:6])-[#8:7]-[#15:8]-[#8:9].[#6:10]-[#8:11]>>([*:1]~[*:2].[#7:4].[#7:3]-[#6:10]).[#15:8](-[#8:7])-[#8:9].[#15:5](-[#8:11])-[#8:6],[385],[1]
185,[#6:1](-[#8:2])-[#6:3](-[#8:4])-[#6:5](-[#8:6])-[#6:7]-[#6:8](=[#8:9])-[#8:10]>>[#6:1](=[#8:2])-[#6:3]-[#6:5](-[#8:6])-[#6:7]-[#6:8](=[#8:9])-[#8:10].[#8:4],[451],[2]
186,[#6:1](-[#8:2])-[#6:3](-[#8:4])-[#6:5](=[#8:6])-[#8:7]>>[#6:1]-[#6:3](=[#8:4])-[#6:5](=[#8:6])-[#8:7].[#8:2],"[463, 961]","[2, 1]"
187,[#6:1](-[#6:2](=[#8:3])-[#8:4])-[#6:5]-[#7:6]>>[#6:1](=[#6:5])-[#6:2](=[#8:3])-[#8:4].[#7:6],[468],[2]
188,([#8:1].[#8:2]-[#6:3](-[#8:4])-[#6:5]-[#8:6])>>([#6:5](=[#8:6])-[#6:3]-[#8:4].[#8:2].[#8:1]),"[488, 488]","[1, 2]"
189,([#8:1].[#8:2].[#8:3]=[#6:4](-[#8:5])-[#6:6](-[#8:7])-[#6:8](-[#8:9])~[*:10]~[*:11])>>[#8:9].([#8:1].[#8:2].[#8:3]=[#6:4](-[#8:5])-[#6:6](=[#8:7])-[#6:8]~[*:10]~[*:11]),[502],[1]
190,[#6:1]-[#16:2].[#7:3]>>[#16:2].[#7:3]-[#6:1],[525],[1]
191,[#6:1]-[#8:2].[#6:3]1:[#6:4]:[#6:5]:[#6:6]:[#7&+:7]:[#6:8]:1>>[#6:3]1=[#6:8]-[#7:7]-[#6:6]=[#6:5]-[#6:4]-1.[#6:1]=[#8:2],"[526, 527, 576, 584, 785]","[1, 1, 1, 1, 1]"
192,[#16:1]-[#6:2].[#6:3]-[#8:4]>>[#16:1]-[#6:3].[#6:2]-[#8:4],[531],[1]
193,[#15:1](-[#8:2])-[#8:3]-[#15:4](-[#8:5])-[#8:6].[#8:7]>>[#15:4](-[#8:3])(-[#8:5])-[#8:6].[#15:1](-[#8:7])-[#8:2],[533],[1]
194,[#15:1](=[#8:2])-[#8:3]-[#15:4](=[#8:5])-[#8:6].[#8:7]>>[#15:1](=[#8:2])-[#8:7].[#8:5]=[#15:4](-[#8:3])-[#8:6],"[534, 534, 534, 534, 534]","[5, 4, 3, 2, 6]"
195,[#15:1](-[#8:2])-[#8:3]-[#15:4](=[#8:5])-[#8:6].[#8:7]>>[#15:1](-[#8:7])-[#8:2].[#8:5]=[#15:4](-[#8:3])-[#8:6],[535],[1]
196,[#15:1](-[#8:2])-[#8:3]-[#15:4](=[#8:5])(-[#8:6])-[#8:7].[#6:8]-[#8:9].[#7:10]>>[#15:1](-[#8:9])-[#8:2].[#7:10]-[#6:8].[#8:5]=[#15:4](-[#8:3])(-[#8:6])-[#8:7],[537],[1]
197,[#15:1]-[#8:2].[#7:3].[#8:4]=[#6:5]-[#8:6]>>[#15:1]-[#8:6].[#7:3]-[#6:5]=[#8:4].[#8:2],[538],[1]
198,([*:1]~[*:2]~[#8:3].[#6:4]-[#8:5].[#7:6]).[#15:7]-[#8:8].[#6:9]-[#8:10]>>[#15:7]-[#8:10].([*:2](~[*:1])~[#8:3].[#6:9]-[#8:5]-[#6:4].[#7:6]).[#8:8],[540],[1]
199,[#6:1]-[#8:2]-[#15:3](=[#8:4])-[#8:5].[#8:6]>>[#6:1]-[#8:6].[#8:4]=[#15:3](-[#8:2])-[#8:5],[546],[1]
200,[#6:1]-[#8:2]-[#6:3].[#8:4]>>[#6:1]-[#8:4].[#8:2]-[#6:3],[548],[1]
201,[#6:1]1=[#6:2]-[#7:3]-[#6:4]=[#6:5]-[#6:6]-1.[#8:7]-[#6:8](:[#6:9]):[#6:10].[#8:11]=[#8:12]>>[#6:1]1:[#6:6]:[#6:5]:[#6:4]:[#7&+:3]:[#6:2]:1.[#8:12].[#8:11]-[#6:9]:[#6:8](:[#6:10])-[#8:7],[551],[1]
202,([#6:1]-[#6:2]-[#6:3]-[#8:4].[#8:5])>>([#6:2]-[#6:3](-[#8:4])-[#6:1].[#8:5]),[552],[1]
203,[#6:1](-[#8:2])-[#6:3]-[#6:4](-[#8:5])-[#8:6]>>[#6:3]-[#6:4]=[#8:5].([#6:1]=[#8:2].[#8:6]),[553],[1]
204,([*:1]:[*:2]:[*:3].[#6:4]-[#8:5].[#6:6]-[#8:7].[#8:8])>>([*:1]:[*:2]:[*:3].[#6:4]-[#8:8].[#6:6]-[#8:7].[#8:5]),[557],[1]
205,([*:1]~[*:2]:[*:3]:[*:4].[#8:5].[#8:6].[#8:7]-[#6:8]).[#8:9]>>([*:1]~[*:2]:[*:3]:[*:4].[#8:5].[#8:7].[#8:6]).[#8:9]-[#6:8],"[568, 568]","[2, 1]"
206,[#8:1]=[#6:2]-[#6:3]-[#6:4]-[#8:5]>>[#8:5].[#8:1]=[#6:2]-[#6:3]=[#6:4],[569],[1]
207,([*:1]~[*:2].[#8:3].[#8:4]).([*:5]~[*:6]:[*:7]:[*:8].[#8:9].[#8:10].[#8:11]-[#6:12])>>([*:1]~[*:2].[#8:3].[#8:4]-[#6:12]).([*:5]~[*:6]:[*:7]:[*:8].[#8:9].[#8:11].[#8:10]),[570],[1]
208,[#16:1]-[#6:2].[#6:3](=[#8:4])-[#6:5]-[#6:6]-[#8:7]>>[#16:1].[#6:3](=[#8:4])-[#6:5]-[#6:2].[#8:7]=[#6:6],[574],[1]
209,([#15:1](-[#8:2])(-[#8:3])-[#8:4]-[#6:5].[#8:6]).[#8:7]>>[#15:1](-[#8:4])(-[#8:2])-[#8:3].([#8:6].[#8:7]-[#6:5]),[577],[1]
210,([#6:1]=[#6:2]-[#6:3]~[*:4](~[*:5])~[*:6](:[*:7]):[#7:8].[#7&H1:9].[#7&H1:10].[#7:11])>>([#6:2]=[#6:1]-[#6:3]~[*:4](~[*:5])~[*:6](:[*:7]):[#7:8].[#7&H1:9].[#7&H1:10].[#7:11]),[578],[1]
211,[#8:1].[#8:2]-[#6:3]-[#8:4]>>[#8:4].[#8:2]-[#6:3]-[#8:1],[580],[1]
212,([*:1]~[*:2].[#15:3](-[#8:4])-[#8:5]-[#15:6].[#8:7]).[#6:8]-[#8:9]>>([*:1]~[*:2].[#15:3](-[#8:9])-[#8:4].[#8:7]).[#6:8]-[#8:5]-[#15:6],"[588, 643]","[1, 1]"
213,[#15:1](-[#8:2])-[#8:3]-[#15:4](-[#8:5])-[#8:6].[#8:7]-[#6:8]>>[#15:4](-[#8:5])(-[#8:6])-[#8:3]-[#6:8].[#15:1](-[#8:7])-[#8:2],[592],[1]
214,[#6:1](=[#7:2])-[#7:3].[#8:4]>>[#6:1](-[#7:2])=[#8:4].[#7:3],[594],[1]
215,([*:1]~[#8:2].[#6:3](=[#8:4])-[#16:5])>>[*:1]~[#8:2]-[#6:3]=[#8:4].[#16:5],[602],[1]
216,[#6:1]-[#6:2]=[#8:3].[#8:4]=[#6:5]>>[#8:3]=[#6:2]-[#6:1]-[#6:5]-[#8:4],[613],[1]
217,[#15:1]-[#8:2]-[#15:3].[#6:4]-[#8:5]>>[#15:1]-[#8:5].[#6:4]-[#8:2]-[#15:3],"[615, 653]","[1, 1]"
218,([#6:1](=[#8:2])-[#7:3].[#6:4]-[#8:5]).[#8:6]>>([#6:1](=[#8:2])-[#7:3].[#6:4]-[#8:6]).[#8:5],[616],[1]
219,[#6:1]1=[#6:2]-[#7:3]-[#6:4]=[#6:5]-[#6:6]-1.[#6:7]=[#8:8].[#7:9]>>[#6:7]-[#7:9].[#6:1]1:[#6:6]:[#6:5]:[#6:4]:[#7&+:3]:[#6:2]:1.[#8:8],[618],[1]
220,[*:1]~[*:2](~[#8:3])~[#8:4].[#6:5]1:[#6:6]:[#6:7]:[#6:8]:[#7&+:9]:[#6:10]:1.[#8:11]=[#6:12]>>[#6:5]1=[#6:10]-[#7:9]-[#6:8]=[#6:7]-[#6:6]-1.[#8:11]=[#6:12]-[#8:3]~[*:2](~[*:1])~[#8:4],[619],[1]
221,[#6:1]1=[#6:2]-[#7:3]-[#6:4]=[#6:5]-[#6:6]-1.[#6:7]=[#6:8]-[#6:9]=[#8:10]>>[#6:7]-[#6:8]-[#6:9]=[#8:10].[#6:1]1:[#6:6]:[#6:5]:[#6:4]:[#7&+:3]:[#6:2]:1,[620],[1]
222,[#6:1]-[#16&+:2].[#8:3]>>[#16:2].[#6:1]-[#8:3],[621],[1]
223,[#8:1].[#8:2]=[#6:3]-[#7:4]>>([#6:3](=[#8:2])-[#8:1].[#7:4]),[630],[1]
224,[#6:1](-[#6:2]-[#16:3])-[#6:4]-[#8:5]>>[#6:1]-[#6:2]-[#16:3].[#8:5]=[#6:4],[639],[1]
225,[#15:1](=[#8:2])-[#8:3]-[#15:4]=[#8:5].[#8:6]>>[#15:1](=[#8:2])-[#8:6].[#8:5]=[#15:4]-[#8:3],"[642, 833]","[1, 1]"
226,[#6:1]1-[#8:2]-[#6:3]-1.[#8:4]>>[#6:1](-[#8:4])-[#6:3]-[#8:2],[644],[1]
227,([#6:1](-[#8:2])-[#6:3](~[*:4])-[#6:5]=[#8:6].[#8:7].[#8:8])>>[#6:1]=[#8:2].([#8:7].[#8:8].[#8:6]=[#6:5]-[#6:3]~[*:4]),[645],[1]
228,[#7:1].[#7:2]-[#6:3]=[#8:4]>>[#7:2].[#7:1]-[#6:3]=[#8:4],[646],[1]
229,[*:1]~[*:2](~[#8:3])~[#8:4].[#6:5]-[#8:6]>>[*:1]~[*:2](~[#8:4])~[#8:3]-[#6:5].[#8:6],[649],[1]
230,([#6:1](-[#8:2])-[#6:3]-[#6:4]=[#8:5].[#8:6])>>([#6:3]-[#6:4]=[#8:5].[#8:6]).[#6:1]=[#8:2],[652],[1]
231,[#15:1]-[#8:2]-[#15:3].([#6:4]-[#8:5].[#8:6])>>[#15:1]-[#8:5].([#6:4]-[#8:2]-[#15:3].[#8:6]),[654],[1]
232,[*:1]~[*:2](~[#8:3])~[#8:4].[#8:5]-[#6:6]>>[*:1]~[*:2](~[#8:4])~[#8:3]-[#6:6].[#8:5],[661],[1]
233,([*:1]~[*:2].[#15:3](=[#8:4])(-[#8:5])-[#8:6]-[#15:7]-[#8:8].[#8:9]).[#8:10]-[#6:11]>>([*:1]~[*:2].[#15:3](=[#8:4])(-[#8:10])-[#8:5].[#8:9]).[#15:7](-[#8:8])-[#8:6]-[#6:11],[663],[1]
234,[#7:1]=[#6:2]-[#6:3]-[#6:4]-[#8:5]>>[#7:1]=[#6:2]-[#6:3].[#8:5]=[#6:4],[664],[1]
235,[#8:1].[#8:2]-[#6:3]=[#8:4]>>[#6:3](=[#8:4])-[#8:1].[#8:2],[666],[1]
236,([*:1]~[*:2].[#15:3](-[#8:4])-[#8:5].[#8:6]).[#6:7]-[#8:8]-[#15:9]>>([*:1]~[*:2].[#15:3](-[#8:5])-[#8:8]-[#15:9].[#8:6]).[#6:7]-[#8:4],[669],[1]
237,[#6:1](=[#8:2])-[#6:3]=[#6:4]-[#6:5]-[#6:6]-[#8:7]>>[#6:5]-[#6:4]=[#6:3]-[#6:1]=[#8:2].[#8:7]=[#6:6],[675],[1]
238,[#6:1]-[#8:2]-[#6:3]=[#8:4].[#8:5]>>[#6:1]-[#8:5].[#8:4]=[#6:3]-[#8:2],[681],[1]
239,[#8:1]-[#6:2]-[#6:3]>>[#6:3]=[#6:2].[#8:1],[684],[1]
240,[#6:1]-[#7:2].[#7:3]>>[#7:2].[#7:3]-[#6:1],[687],[1]
241,[#6:1]-[#16&+:2].[#8:3]>>[#16:2].[#8:3]-[#6:1],[692],[1]
242,[#16:1].[#16:2]-[#6:3]=[#8:4]>>[#16:2].[#16:1]-[#6:3]=[#8:4],[704],[1]
243,[#7:1]-[#6:2]-[#6:3]>>[#6:2]=[#6:3].[#7:1],"[708, 708]","[2, 3]"
244,[#6:1]1:[#6:2]:[#6:3]:[#6:4]:[#7&+:5]:[#6:6]:1.[#8:7].[#8:8]=[#6:9]>>[#6:1]1=[#6:6]-[#7:5]-[#6:4]=[#6:3]-[#6:2]-1.[#8:8]=[#6:9]-[#8:7],[711],[1]
245,[#16:1].[#6:2]=[#8:3]>>[#16:1]-[#6:2]-[#8:3],[712],[1]
246,[#16:1].[#7:2]~[*:3]~[#6:4]-[#8:5]>>[#16:1]-[#6:4]~[*:3]~[#7:2].[#8:5],[713],[1]
247,([#7:1].[#7:2]-[#6:3](=[#8:4])~[*:5]).[#8:6]>>[#7:2].([#7:1].[#8:4]=[#6:3](-[#8:6])~[*:5]),[716],[1]
248,([#6:1]-[#7:2].[#7:3]~[*:4])>>[#6:1]-[#7:3]~[*:4].[#7:2],[717],[1]
249,[#6:1](-[#7:2])=[#8:3].[#8:4]>>[#6:1](=[#8:3])-[#8:4].[#7:2],[726],[1]
250,[#6:1]-[#8:2]-[#15:3]-[#8:4].[#8:5]>>[#15:3](-[#8:2])-[#8:4].[#6:1]-[#8:5],[727],[1]
251,[#8:1]-[#6:2](-[#8:3])-[#6:4](-[#8:5])-[#6:6]>>[#8:1]-[#6:2](-[#8:3])(-[#6:4]-[#8:5])-[#6:6],"[736, 842, 880]","[1, 1, 1]"
252,([*:1]~[*:2].[#8:3].[#8:4]-[#15:5]-[#8:6])>>([*:1]~[*:2].[#8:4].[#8:3]-[#15:5]-[#8:6]),[738],[1]
253,[#6:1](=[#8:2])-[#6:3]-[#6:4]-[#7:5].[#8:6]>>[#6:1](=[#8:2])-[#8:6].[#6:3]-[#6:4]-[#7:5],[742],[1]
254,[*:1]~[*:2](~[#7:3])~[#6:4](=[#8:5])-[#8:6].[#8:7]>>[*:1]~[*:2](~[#7:3])~[#6:4](=[#8:5])-[#8:7].[#8:6],[748],[1]
255,([*:1]~[*:2]~[#6:3](=[#8:4])-[#8:5].[#8:6]).[#8:7]>>[*:1]~[*:2]~[#6:3](=[#8:4])-[#8:7].([#8:6].[#8:5]),[748],[2]
256,([*:1]~[*:2]:[*:3].[#15:4](-[#8:5])-[#8:6]-[#15:7]-[#8:8].[#8:9].[#8:10]).[#6:11]-[#8:12]>>([*:1]~[*:2]:[*:3].[#15:4](-[#8:12])-[#8:5].[#8:9].[#8:10]).[#6:11]-[#8:6]-[#15:7]-[#8:8],[757],[1]
257,([*:1]~[*:2].[#6:3]=[#6:4].[#8:5]-[#8:6])>>([*:1]~[*:2].[#8:5]-[#6:3]=[#6:4]).[#8:6],[758],[1]
258,[#16:1].[#7:2]-[#6:3]-[#6:4]-[#6:5]-[#8:6]>>[#7:2]-[#6:3]-[#6:4]-[#6:5]-[#16:1].[#8:6],[759],[1]
259,([*:1]~[*:2].[#15:3](-[#8:4])-[#8:5]-[#15:6]-[#8:7].[#8:8]).[#6:9]-[#8:10]>>([*:1]~[*:2].[#15:3](-[#8:10])-[#8:4].[#8:8]).[#6:9]-[#8:5]-[#15:6]-[#8:7],[760],[1]
260,[#16:1].[#6:2]-[#6:3]-[#7:4]>>[#6:2]-[#16:1].[#7:4]-[#6:3],[762],[1]
261,([*:1]~[*:2]~[*:3].[#6:4]-[#8:5].[#8:6].[#8:7]).[#8:8]>>([*:2](~[*:1])~[*:3].[#8:8]-[#6:4]).([#8:7].[#8:5].[#8:6]),"[770, 801]","[1, 1]"
262,([*:1]~[*:2].[#6:3]-[#8:4]-[#6:5].[#7:6]-[#6:7]=[#8:8]).[#8:9]>>([*:1]~[*:2].[#6:3]-[#8:9]).([#6:7](=[#8:8])-[#7:6].[#6:5]-[#8:4]),"[774, 817, 899]","[2, 1, 2]"
263,([*:1]~[*:2].[#6:3]-[#8:4].[#6:5]-[#8:6]).[#6:7]1:[#6:8]:[#6:9]:[#6:10]:[#7&+:11]:[#6:12]:1>>([*:1]~[*:2].[#6:5]-[#8:6].[#6:3]=[#8:4]).[#6:7]1=[#6:12]-[#7:11]-[#6:10]=[#6:9]-[#6:8]-1,[775],[1]
264,[#15:1](-[#8:2])-[#8:3]-[#15:4](-[#8:5])-[#8:6].[#6:7]-[#8:8]>>[#15:1](-[#8:8])-[#8:2].[#6:7]-[#8:3]-[#15:4](-[#8:5])-[#8:6],[778],[1]
265,([*:1]~[*:2].[#8:3].[#8:4]-[#6:5]=[#8:6]).[#7:7]>>([*:1]~[*:2].[#8:3].[#8:4]).[#7:7]-[#6:5]=[#8:6],[781],[2]
266,[#7:1].[#8:2]-[#6:3]=[#8:4]>>[#7:1]-[#6:3]=[#8:4].[#8:2],[781],[1]
267,[#6:1]-[#8:2]-[#15:3](=[#8:4])(-[#8:5])-[#8:6].[#8:7]>>([#6:1]-[#8:7].[#8:6]-[#15:3](=[#8:4])(-[#8:2])-[#8:5]),[794],[1]
268,[#6:1]1=[#6:2]-[#7:3]-[#6:4]=[#6:5]-[#6:6]-1.[#8:7]=[#6:8]1:[#6:9]:[#6:10]:[#7&H1:11]:[#6:12]:[#7&H1:13]:1>>[#6:1]1:[#6:6]:[#6:5]:[#6:4]:[#7&+:3]:[#6:2]:1.[#8:7]=[#6:8]1-[#6:9]-[#6:10]-[#7:11]-[#6:12]-[#7:13]-1,[800],[1]
269,([*:1](~[*:2])(~[*:3])~[*:4]~[*:5]~[*:6].[#6:7]-[#8:8].[#8:9].[#8:10].[#8:11].[#8:12].[#8:13]).[#7&H1:14]>>([*:6]~[*:5]~[*:4]~[*:1](~[*:2])~[*:3].[#7:14]-[#6:7].[#8:13].[#8:12]).([#8:8].[#8:9].[#8:10].[#8:11]),"[802, 802]","[1, 2]"
270,[#6:1]1=[#6:2]-[#7:3]-[#6:4]=[#6:5]-[#6:6]-1.[#8:7]-[#6:8]=[#8:9]>>[#6:1]1:[#6:6]:[#6:5]:[#6:4]:[#7&+:3]:[#6:2]:1.[#6:8]=[#8:9].[#8:7],[804],[1]
271,[#6:1]-[#8:2]-[#15:3]=[#8:4].[#8:5]>>[#6:1]-[#8:5].[#8:4]=[#15:3]-[#8:2],[810],[1]
272,([*:1]:[*:2].[#15:3]-[#8:4].[#8:5]-[#15:6]-[#8:7]).([*:8]~[*:9].[#6:10]-[#8:11].[#8:12])>>([*:2]:[*:1].[*:8]~[*:9].[#6:10]-[#8:5].[#8:4]-[#15:3]).([#8:12].[#8:11]-[#15:6]-[#8:7]),[811],[1]
273,([*:1]:[*:2].[#15:3](=[#8:4])(-[#8:5])-[#8:6]-[#15:7]=[#8:8].[#8:9]-[#6:10]-[#8:11]).[#8:12]>>([*:1]:[*:2].[#15:3](=[#8:4])(-[#8:12])-[#8:5]).([#15:7](=[#8:8])-[#8:6].[#8:9].[#8:11]=[#6:10]),[823],[1]
274,[#7&+:1]-[#6:2].[#7:3]>>[#7:1].[#7:3]-[#6:2],"[824, 824]","[1, 2]"
275,([*:1]~[*:2].[#6:3]-[#8:4].[#8:5]).([*:6]~[*:7].[#6:8]-[#8:9].[#8:10])>>([*:1]~[*:2].[*:7]~[*:6].[#6:3]-[#8:10].[#6:8]-[#8:9].[#8:5]).[#8:4],[826],[1]
276,([*:1]~[*:2].[#6:3](-[#8:4])-[#8:5].[#8:6]).[#8:7]>>([*:1]~[*:2].[#6:3](-[#8:7])-[#8:5].[#8:6]).[#8:4],[829],[1]
277,([*:1]~[*:2].[#6:3]-[#8:4].[#8:5]).[#8:6]>>([*:1]~[*:2].[#6:3]-[#8:6].[#8:5]).[#8:4],[829],[3]
278,([*:1]~[*:2].[#8:3].[#8:4]-[#15:5]-[#8:6]-[#6:7]).[#8:8]>>([*:1]~[*:2].[#8:4]-[#15:5]-[#8:6]).([#6:7]-[#8:8].[#8:3]),[832],[1]
279,([*:1]:[*:2]:[*:3].[#15:4](=[#8:5])-[#8:6].[#8:7].[#8:8]).[#8:9]>>([*:1]:[*:2]:[*:3].[#15:4](=[#8:5])-[#8:9]).([#8:7].[#8:6].[#8:8]),[844],[1]
280,[*:1]~[*:2](~[#8:3])~[#6:4](=[#8:5])-[#6:6]-[#6:7]-[#8:8]>>[#6:6]-[#6:4](=[#8:5])~[*:2](~[*:1])~[#8:3].[#8:8]=[#6:7],[846],[1]
281,[#6:1]1-[#6:2]-[#8:3]-1.[#8:4]>>[#8:3]-[#6:2]-[#6:1]-[#8:4],[847],[1]
282,[#16:1].[#7:2]-[#6:3]-[#6:4]-[#16:5]>>[#16:1]-[#16:5].[#6:4]-[#6:3]-[#7:2],"[855, 855]","[2, 1]"
283,[#8:1].[#8:2]=[#15:3]-[#8:4]-[#6:5]>>[#6:5]-[#8:1].[#8:2]=[#15:3]-[#8:4],[856],[1]
284,([#6:1]=[#6:2]-[#8:3]-[#15:4](~[*:5])-[#8:6].[#8:7]).[#8:8].[#8:9]=[#6:10]=[#8:11]>>[#15:4](-[#8:8])(~[*:5])-[#8:6].([#8:7].[#8:11]=[#6:10](-[#8:9])-[#6:1]-[#6:2]=[#8:3]),[857],[1]
285,([#8:1].[#8:2]=[#6:3]-[#8:4])>>([#8:4].[#8:2]=[#6:3]-[#8:1]),[861],[1]
286,([*:1]~[*:2]:[*:3].[#8:4].[#8:5].[#8:6]-[#15:7]-[#8:8]).([#6:9](-[#8:10])-[#6:11]-[#6:12]=[#8:13].[#8:14])>>([*:1]~[*:2]:[*:3].[#8:4].[#8:6].[#8:5]).([#6:11]=[#6:12]-[#8:13]-[#15:7]-[#8:8].[#8:14]).[#8:10]=[#6:9],[863],[1]
287,[#6:1](-[#6:2]=[#6:3]-[#6:4]=[#8:5])-[#6:6]=[#8:7]>>[#6:1](=[#6:2]-[#6:3]=[#6:4]-[#8:5])-[#6:6]=[#8:7],[874],[1]
288,[#6:1](-[#8:2])-[#6:3]-[#6:4]-[#8:5].[#6:6]1:[#6:7]:[#6:8]:[#6:9]:[#7&+:10]:[#6:11]:1>>[#6:6]1=[#6:11]-[#7:10]-[#6:9]=[#6:8]-[#6:7]-1.[#8:2]=[#6:1].[#8:5]=[#6:4]-[#6:3],[889],[1]
289,([#6:1](=[#8:2])-[#6:3](-[#6:4])-[#8:5].[#8:6]).[#6:7]1=[#6:8]-[#7:9]-[#6:10]=[#6:11]-[#6:12]-1>>([#6:4]-[#6:1](-[#8:2])-[#6:3]-[#8:5].[#8:6]).[#6:7]1:[#6:12]:[#6:11]:[#6:10]:[#7&+:9]:[#6:8]:1,[890],[1]
290,([*:1]:[*:2].[#6:3]-[#8:4]-[#15:5]-[#8:6].[#8:7]).[#8:8]>>([*:1]:[*:2].[#6:3]-[#8:8].[#8:7]).[#15:5](-[#8:4])-[#8:6],[904],[1]
291,[#15:1](-[#8:2])(-[#8:3])-[#8:4]-[#15:5](=[#8:6])-[#8:7].[#8:8]>>[#15:1](-[#8:8])(-[#8:2])-[#8:3].[#8:6]=[#15:5](-[#8:4])-[#8:7],[916],[1]
292,([*:1]~[*:2].[#6:3](=[#8:4])-[#7:5].[#7:6]).[#8:7]>>([*:1]~[*:2].[#6:3](=[#8:4])-[#8:7].[#7:6]).[#7:5],[917],[1]
293,[#6:1]-[#6:2]-[#8:3]>>[#6:1].[#8:3]=[#6:2],[941],[1]
294,[#16:1]-[#7:2].[#8:3]>>[#16:1]-[#8:3].[#7:2],[951],[1]
295,([#6:1]=[#6:2]-[#6:3]-[#8:4]~[*:5]~[#8:6].[#8:7]).[#8:8]>>([*:5](~[#8:4])~[#8:6].[#8:7]).[#6:3]=[#6:2]-[#6:1]-[#8:8],"[954, 954]","[1, 2]"
296,([*:1]~[*:2]~[#6:3]-[#8:4].[#8:5].[#8:6]).[#8:7]>>[*:1]~[*:2]~[#6:3]-[#8:7].([#8:4].[#8:5].[#8:6]),[955],[1]
297,[#8:1]=[#6:2](-[#8:3])-[#6:4](-[#8:5])-[#6:6]-[#8:7]>>[#8:7].[#8:1]=[#6:2](-[#8:3])-[#6:4](=[#8:5])-[#6:6],"[960, 963]","[1, 1]"
298,[#8:1].[#8:2]=[#16:3](-[#8:4])-[#6:5]>>[#6:5].[#8:2]=[#16:3](-[#8:1])-[#8:4],"[971, 971]","[1, 2]"
299,[#6:1](=[#8:2])-[#6:3]-[#6:4]-[#8:5]>>[#6:4]=[#6:3]-[#6:1]=[#8:2].[#8:5],[972],[1]
300,[#6:1](-[#8:2])(-[#6:3]=[#6:4])-[#8:5]>>([#6:1](=[#8:2])-[#6:3]=[#6:4].[#8:5]),[983],[1]
301,[#8:1].[#8:2]-[#15:3]-[#8:4]-[#15:5]>>[#15:5]-[#8:4].[#8:2]-[#15:3]-[#8:1],[988],[1]
302,[#6:1](-[#8:2])-[#6:3]:[#6:4]-[#8:5]>>[#8:5]-[#6:4]:[#6:3].[#8:2]=[#6:1],[992],[1]
303,([*:1]~[*:2]~[#6:3]-[#8:4]-[#15:5](=[#8:6])-[#8:7].[#8:8].[#8:9]).[#8:10]>>[*:1]~[*:2]~[#6:3]-[#8:10].([#8:8].[#8:9].[#8:6]=[#15:5](-[#8:4])-[#8:7]),[994],[1]
304,[#6:1]-[#8:2].([#6:3]1:[#6:4](:[#7:5])-[#6:6](=[#8:7])-[#6:8](=[#8:9])-[#6:10]:[#6:11]-1.[#8:12]~[*:13])>>[#6:1]=[#8:2].([#6:3]1:[#6:4](:[#7:5]):[#6:6](-[#8:7]):[#6:8](-[#8:9]):[#6:10]:[#6:11]:1.[#8:12]~[*:13]),"[997, 997, 997]","[1, 2, 3]"
305,([*:1](~[*:2])~[#6:3]-[#8:4].[#8:5]).[#15:6](=[#8:7])-[#8:8]-[#16:9]>>([*:1](~[*:2])~[#6:3]-[#8:8]-[#16:9].[#8:5]).[#15:6](=[#8:7])-[#8:4],[999],[1]
306,[#7:1]~[*:2]~[#6:3](=[#8:4])-[#7:5].[#8:6]>>[#7:5].[#7:1]~[*:2]~[#6:3](=[#8:4])-[#8:6],[1001],[1]
307,[#7:1]-[#6:2]-[#6:3]-[#6:4]=[#8:5]>>[#7:1].[#8:5]=[#6:4]-[#6:3]=[#6:2],[1003],[1]
308,([*:1](:[*:2]:[*:3]:[*:4]):[*:5].[#15:6](-[#8:7])-[#8:8].[#8:9].[#8:10]-[#15:11](-[#8:12])-[#8:13]).([*:14]~[*:15]~[*:16].[#6:17]-[#8:18].[#8:19].[#8:20])>>([*:1](:[*:2]:[*:3]:[*:4]):[*:5].[#15:6](-[#8:7])-[#8:18].[#8:19].[#8:20]).([*:14]~[*:15]~[*:16].[#6:17]-[#8:8].[#8:9].[#8:10]-[#15:11](-[#8:12])-[#8:13]),[1004],[1]
